_c0,score,controversiality,timestamp,sentiment
2809988,-8.0,0,2018-09-23T15:35:05.000Z,0.25
2810093,1.0,0,2018-09-21T15:18:44.000Z,0.5
2810210,5.0,0,2018-09-11T06:02:53.000Z,0.25
2811035,11.0,0,2018-09-24T23:35:41.000Z,0.25
2811134,1.0,0,2018-09-11T19:23:09.000Z,0.25
2811206,2.0,0,2018-09-04T08:35:26.000Z,0.25
2811262,5.0,0,2018-09-05T15:09:02.000Z,0.25
2855415,2.0,0,2018-12-31T00:01:14.000Z,0.25
2855458,1.0,0,2018-12-09T01:12:38.000Z,0.25
2855559,1.0,0,2018-12-14T03:30:12.000Z,0.25
2855565,3.0,0,2018-12-11T03:11:41.000Z,0.25
2855617,8.0,0,2018-12-01T07:44:51.000Z,0.5
2855746,-1.0,0,2018-12-24T10:45:05.000Z,0.5
2855863,1.0,0,2018-12-01T15:09:22.000Z,0.5
2855876,2.0,0,2018-12-05T12:45:15.000Z,0.25
2855920,1.0,0,2018-12-12T14:39:20.000Z,0.25
2856235,-3.0,0,2018-12-27T19:39:23.000Z,0.5
1305636,-4.0,0,2016-01-12T14:50:36.000Z,0.25
1307412,21.0,0,2016-01-30T08:50:17.000Z,0.25
1309257,235.0,0,2016-01-15T18:55:16.000Z,0.0
1310360,16.0,0,2016-01-18T09:23:52.000Z,0.5
1312289,19.0,0,2016-01-09T08:10:04.000Z,0.25
1312643,17.0,0,2016-01-20T20:40:02.000Z,0.5
1312919,17.0,0,2016-01-19T02:45:10.000Z,0.25
1313199,14.0,0,2016-01-08T16:07:11.000Z,0.25
1313888,29.0,0,2016-01-22T20:46:31.000Z,0.25
1314012,15.0,0,2016-01-28T18:52:52.000Z,0.25
1314494,-6.0,0,2016-01-23T08:56:36.000Z,0.25
1314546,84.0,0,2016-01-16T20:44:58.000Z,0.25
1314607,17.0,0,2016-01-16T13:55:01.000Z,0.25
1314611,25.0,0,2016-01-19T00:09:22.000Z,0.25
1315252,29.0,0,2016-01-06T17:32:33.000Z,0.25
1323074,0.0,0,2016-01-27T15:37:26.000Z,0.25
1325580,0.0,0,2016-01-06T23:57:37.000Z,0.25
1326192,0.0,1,2016-01-27T22:32:16.000Z,0.25
1326258,0.0,1,2016-01-17T13:17:59.000Z,0.25
1327292,0.0,1,2016-01-27T21:24:32.000Z,0.25
1329294,0.0,0,2016-01-27T00:54:14.000Z,0.25
1329568,0.0,0,2016-01-20T14:35:45.000Z,0.25
1331778,0.0,0,2016-01-18T12:33:03.000Z,0.25
1332348,0.0,1,2016-01-12T00:44:17.000Z,0.25
1332354,0.0,0,2016-01-27T22:47:20.000Z,0.5
1332621,0.0,0,2016-01-25T20:56:25.000Z,0.25
1332641,0.0,0,2016-01-17T00:38:13.000Z,0.25
1333244,0.0,0,2016-01-25T15:34:06.000Z,0.25
1391493,1.0,0,2016-01-02T02:44:22.000Z,0.25
1392003,1.0,0,2016-01-12T07:53:42.000Z,0.5
1395372,1.0,0,2016-01-15T21:54:19.000Z,0.25
1395414,1.0,0,2016-01-13T09:58:50.000Z,0.25
1395426,1.0,0,2016-01-11T17:26:28.000Z,0.25
1395705,1.0,0,2016-01-14T01:39:07.000Z,0.25
1395756,1.0,0,2016-01-21T09:59:53.000Z,0.25
1395758,1.0,0,2016-01-05T21:55:07.000Z,0.25
1399579,1.0,0,2016-01-28T17:16:24.000Z,0.25
1405765,1.0,0,2016-01-20T15:09:06.000Z,0.25
1407141,1.0,1,2016-01-29T08:41:27.000Z,0.5
1407224,1.0,0,2016-01-13T11:09:16.000Z,0.25
1301232,17.0,0,2016-02-02T04:01:39.000Z,0.25
1302234,19.0,0,2016-02-25T14:18:02.000Z,0.25
1302579,38.0,0,2016-02-24T14:58:32.000Z,0.25
1303286,44.0,0,2016-02-23T11:30:24.000Z,0.25
1303608,17.0,0,2016-02-09T14:43:26.000Z,0.25
1305939,22.0,0,2016-02-24T14:06:04.000Z,0.25
1308127,29.0,0,2016-02-06T23:16:14.000Z,0.25
1311281,21.0,0,2016-02-17T14:43:42.000Z,0.25
1311707,-14.0,0,2016-02-07T16:58:49.000Z,0.25
1312076,38.0,0,2016-02-02T06:01:57.000Z,0.25
1314526,67.0,0,2016-02-24T16:06:57.000Z,0.25
1318732,0.0,0,2016-02-25T12:51:46.000Z,0.25
1319363,0.0,1,2016-02-23T01:56:21.000Z,0.25
1320693,0.0,0,2016-02-25T17:24:46.000Z,0.25
1320694,0.0,0,2016-02-26T20:55:25.000Z,0.25
1325230,0.0,0,2016-02-22T18:52:36.000Z,0.25
1325295,0.0,0,2016-02-09T05:24:35.000Z,0.25
1329213,0.0,0,2016-02-23T22:38:09.000Z,0.25
1356710,1.0,0,2016-02-12T19:43:44.000Z,0.25
1364360,1.0,0,2016-02-23T17:29:18.000Z,0.25
1369160,1.0,0,2016-02-11T23:14:28.000Z,0.25
1369458,1.0,0,2016-02-06T20:11:57.000Z,0.25
1371528,1.0,0,2016-02-23T04:31:58.000Z,0.75
1371576,1.0,0,2016-02-03T19:18:24.000Z,0.25
1372099,1.0,0,2016-02-12T05:07:09.000Z,0.25
1372804,1.0,0,2016-02-26T00:19:29.000Z,0.25
1376889,1.0,0,2016-02-07T18:50:14.000Z,0.5
1378601,1.0,0,2016-02-13T14:14:17.000Z,0.5
1384044,1.0,0,2016-02-09T03:10:20.000Z,0.25
1385128,1.0,0,2016-02-19T05:57:52.000Z,0.25
1390843,1.0,0,2016-02-05T20:51:38.000Z,0.25
1391581,1.0,0,2016-02-02T16:00:51.000Z,0.25
1395260,1.0,0,2016-02-12T21:04:26.000Z,0.25
1396679,1.0,0,2016-02-12T14:14:22.000Z,0.25
1398814,1.0,0,2016-02-25T15:12:39.000Z,0.25
1399192,1.0,0,2016-02-16T08:10:39.000Z,0.25
1399841,1.0,0,2016-02-05T16:25:59.000Z,0.5
1399858,1.0,0,2016-02-24T03:22:14.000Z,0.25
1400430,1.0,0,2016-02-17T21:12:30.000Z,0.25
1400565,1.0,0,2016-02-18T17:50:37.000Z,0.0
1403957,1.0,0,2016-02-24T22:42:56.000Z,0.5
1409434,1.0,0,2016-02-05T13:04:18.000Z,0.25
1409461,1.0,0,2016-02-02T00:48:00.000Z,0.25
1410117,1.0,0,2016-02-12T21:41:59.000Z,0.25
1410143,1.0,0,2016-02-17T13:16:49.000Z,0.25
1414724,1.0,0,2016-02-15T09:34:59.000Z,0.25
1414754,1.0,0,2016-02-21T20:18:11.000Z,0.25
1421476,1.0,0,2016-02-11T23:46:17.000Z,-1.0
1421803,1.0,0,2016-02-08T21:01:45.000Z,0.25
1428212,1.0,0,2016-02-27T20:22:51.000Z,0.0
1429150,1.0,0,2016-02-21T16:43:56.000Z,0.25
1429165,1.0,0,2016-02-09T17:25:31.000Z,0.25
1430912,1.0,0,2016-02-29T23:29:08.000Z,0.5
1430913,1.0,0,2016-02-18T23:44:54.000Z,0.25
1433457,1.0,0,2016-02-24T15:44:45.000Z,0.5
1433459,1.0,0,2016-02-17T20:31:56.000Z,0.25
1433487,1.0,0,2016-02-20T22:16:33.000Z,0.25
1642238,2.0,0,2017-08-28T18:08:36.000Z,0.25
1642541,3.0,0,2017-08-19T05:11:08.000Z,0.25
1642743,1.0,0,2017-08-21T17:49:06.000Z,0.25
1642808,3.0,0,2017-08-25T00:37:10.000Z,0.25
1642865,-1.0,0,2017-08-19T22:54:06.000Z,0.25
1643159,2.0,0,2017-08-01T10:47:33.000Z,0.25
1643178,1.0,0,2017-08-23T02:59:29.000Z,0.25
1643185,3.0,0,2017-08-08T07:53:20.000Z,0.25
1643631,10.0,0,2017-08-11T00:04:52.000Z,0.25
1643993,6.0,0,2017-08-05T15:22:48.000Z,0.25
1644098,1.0,0,2017-08-07T08:09:28.000Z,0.25
1644267,1.0,0,2017-08-01T10:43:57.000Z,0.25
1644289,39.0,0,2017-08-05T04:41:05.000Z,0.5
1644589,3.0,0,2017-08-31T00:33:59.000Z,0.25
1644755,1.0,0,2017-08-23T12:57:06.000Z,0.25
1644946,6.0,0,2017-08-14T12:38:17.000Z,0.25
1644951,2.0,0,2017-08-04T17:19:04.000Z,0.25
1645202,1.0,0,2017-08-22T12:50:07.000Z,0.25
1645833,1.0,0,2017-08-25T19:20:34.000Z,0.25
1645914,1.0,0,2017-08-14T22:03:42.000Z,0.25
1645944,2.0,0,2017-08-07T21:30:25.000Z,0.25
1646001,2.0,0,2017-08-02T16:03:58.000Z,0.5
1293614,-6.0,0,2016-12-08T07:21:07.000Z,0.25
1293750,17.0,0,2016-12-07T16:36:04.000Z,0.25
1294178,17.0,0,2016-12-07T19:56:22.000Z,0.25
1294560,-5.0,0,2016-12-22T08:07:43.000Z,0.25
1294772,14.0,0,2016-12-06T00:15:06.000Z,0.25
1294797,15.0,0,2016-12-13T03:59:01.000Z,0.25
1295144,-4.0,1,2016-11-30T06:00:54.000Z,0.25
1295730,-4.0,1,2016-12-04T09:41:38.000Z,0.25
1295860,-4.0,0,2016-11-10T14:17:48.000Z,0.25
1296029,14.0,0,2016-11-22T19:32:58.000Z,0.25
1296465,-9.0,0,2016-10-18T07:47:09.000Z,0.25
1296539,14.0,0,2016-10-26T22:34:32.000Z,0.25
1296824,16.0,0,2016-09-06T11:21:19.000Z,0.5
1296827,-8.0,1,2016-09-04T05:57:13.000Z,0.25
1297167,68.0,0,2016-12-28T14:55:41.000Z,0.25
1414804,1.0,0,2016-02-07T00:29:55.000Z,0.25
1428153,1.0,0,2016-02-22T01:42:00.000Z,0.25
3001610,1.0,0,2018-02-01T01:37:04.000Z,0.25
3122849,1.0,0,2018-02-01T01:38:09.000Z,0.25
3332895,-1.0,0,2018-01-19T01:17:22.000Z,0.25
3332908,2.0,0,2018-01-19T01:20:12.000Z,0.25
3332970,1.0,0,2018-01-19T01:36:27.000Z,0.25
3333460,2.0,0,2018-01-19T03:46:35.000Z,0.25
3333518,1.0,0,2018-01-19T04:05:53.000Z,0.25
3001711,1.0,0,2018-02-02T02:14:36.000Z,0.5
3002023,2.0,0,2018-02-09T09:59:36.000Z,0.25
3002423,12.0,0,2018-02-25T16:37:06.000Z,0.25
3002898,1.0,0,2018-02-06T17:52:40.000Z,0.5
2998912,2.0,0,2018-03-21T08:06:59.000Z,0.25
2998917,1.0,0,2018-03-22T14:10:55.000Z,0.25
2999137,15.0,0,2018-03-20T01:15:55.000Z,0.75
2999224,1.0,0,2018-03-08T04:45:18.000Z,0.25
2999262,-14.0,0,2018-03-11T00:49:18.000Z,0.25
2999418,18.0,0,2018-03-28T09:49:12.000Z,0.25
2999447,1.0,0,2018-03-15T11:06:09.000Z,0.25
2999499,1.0,0,2018-03-28T20:47:51.000Z,0.75
2999792,1.0,0,2018-03-08T11:37:02.000Z,0.25
3090067,1.0,0,2018-04-28T04:21:43.000Z,0.25
3090311,5.0,1,2018-04-29T12:50:44.000Z,0.25
3090408,36.0,0,2018-04-11T13:25:31.000Z,0.25
3090455,11.0,0,2018-04-28T13:04:55.000Z,0.5
3090497,1.0,0,2018-04-11T14:39:19.000Z,0.75
3090499,-6.0,0,2018-04-12T13:39:01.000Z,0.25
3090799,2.0,0,2018-04-29T22:49:30.000Z,0.25
2971841,1.0,0,2018-07-15T00:50:16.000Z,0.5
2972043,1.0,0,2018-07-17T05:52:07.000Z,0.25
2972090,0.0,0,2018-07-05T09:12:04.000Z,0.25
2972173,0.0,1,2018-07-25T08:01:10.000Z,0.25
2972255,1.0,0,2018-07-24T11:41:14.000Z,0.25
2972361,1.0,0,2018-07-17T13:43:23.000Z,0.25
2972596,1.0,0,2018-07-25T16:13:12.000Z,0.25
2972923,1.0,0,2018-07-09T21:16:10.000Z,0.25
2990618,1.0,0,2018-07-12T00:10:26.000Z,0.25
1647126,1.0,0,2017-02-28T13:49:18.000Z,0.5
1647240,1.0,0,2017-02-07T21:51:17.000Z,0.25
1647359,2.0,0,2017-02-07T18:14:57.000Z,0.5
1647421,3.0,0,2017-02-07T09:06:52.000Z,0.25
1647500,4.0,0,2017-02-13T16:04:39.000Z,0.25
1647503,4.0,0,2017-02-04T21:32:34.000Z,0.25
1647514,5.0,0,2017-02-22T02:39:39.000Z,0.5
1647615,10.0,0,2017-02-21T13:01:10.000Z,0.25
1648230,3.0,0,2017-02-21T18:49:32.000Z,0.25
1807467,3.0,0,2017-01-31T01:22:43.000Z,0.25
1807619,1.0,0,2017-01-05T12:23:25.000Z,0.5
1807877,9.0,0,2017-01-11T14:46:30.000Z,0.5
1807892,5.0,0,2017-01-04T19:05:10.000Z,0.25
1808033,2.0,0,2017-01-12T18:45:05.000Z,0.5
1808034,2.0,0,2017-01-03T17:22:37.000Z,0.75
1808150,4.0,0,2017-01-31T16:06:32.000Z,0.25
1809151,7.0,0,2017-01-16T12:06:41.000Z,0.25
1809368,3.0,0,2017-01-06T08:41:05.000Z,0.25
1809482,7.0,0,2017-01-03T01:06:00.000Z,0.25
1809494,1.0,0,2017-01-16T18:50:32.000Z,0.25
1809632,7.0,0,2017-01-28T10:36:03.000Z,0.25
1809769,2.0,0,2017-01-18T02:37:47.000Z,0.25
1809777,1.0,0,2017-01-05T22:23:26.000Z,0.25
1876427,2.0,0,2017-01-26T16:21:28.000Z,0.25
1876720,2.0,0,2017-01-16T16:28:51.000Z,0.5
1876961,19.0,0,2017-01-30T03:36:16.000Z,0.25
1672851,1.0,0,2017-03-02T03:59:26.000Z,0.25
1672952,4.0,0,2017-03-07T06:10:53.000Z,0.25
1673206,6.0,0,2017-03-15T14:49:39.000Z,0.25
1673416,5.0,0,2017-03-19T10:42:53.000Z,0.25
1673470,5.0,0,2017-03-28T19:22:19.000Z,0.25
1673612,12.0,0,2017-03-24T17:49:33.000Z,0.25
1656687,2.0,0,2017-04-11T12:52:18.000Z,0.25
1656913,4.0,0,2017-04-25T17:33:14.000Z,0.25
1657041,-6.0,0,2017-04-04T21:46:01.000Z,0.25
1657197,5.0,0,2017-04-25T02:16:42.000Z,0.25
1657535,3.0,0,2017-04-02T18:45:29.000Z,0.25
1915818,2.0,0,2017-05-17T01:24:46.000Z,0.25
1915963,1.0,0,2017-05-27T08:09:49.000Z,0.25
1916239,2.0,0,2017-05-04T16:12:14.000Z,0.25
1916828,5.0,0,2017-05-02T22:08:43.000Z,0.5
1916836,1.0,0,2017-05-23T20:13:52.000Z,0.75
1811138,1.0,0,2017-06-11T20:48:24.000Z,0.5
1811152,4.0,0,2017-06-13T01:02:31.000Z,0.25
1811258,0.0,0,2017-06-08T21:02:58.000Z,0.25
1811463,1.0,0,2017-06-09T16:44:41.000Z,0.25
1811473,1.0,0,2017-06-15T21:01:00.000Z,0.5
1811675,1.0,0,2017-06-01T22:00:27.000Z,0.25
1811913,1.0,0,2017-06-07T05:24:12.000Z,0.25
1812103,6.0,0,2017-06-06T15:43:37.000Z,0.25
1812408,2.0,0,2017-06-12T20:58:41.000Z,0.25
1812410,1.0,0,2017-06-22T17:44:32.000Z,0.75
2013324,1.0,0,2017-09-08T03:46:42.000Z,0.25
2013427,3.0,0,2017-09-12T03:02:11.000Z,0.5
2013676,4.0,0,2017-09-18T05:54:45.000Z,0.5
2013830,-1.0,1,2017-09-15T08:08:54.000Z,0.25
2013898,1.0,0,2017-09-07T08:33:04.000Z,0.25
2014121,1.0,0,2017-09-15T09:23:08.000Z,0.5
2014321,1.0,0,2017-09-18T14:41:06.000Z,0.25
2014329,4.0,0,2017-09-25T12:59:31.000Z,0.25
1931887,42.0,0,2017-10-23T00:54:33.000Z,0.25
1931994,2.0,0,2017-10-23T01:45:15.000Z,0.25
1932282,1.0,0,2017-10-23T03:54:07.000Z,0.25
1932540,4.0,0,2017-10-23T06:04:27.000Z,0.25
1932976,3.0,0,2017-10-23T09:48:57.000Z,0.25
1942295,1.0,0,2017-11-04T04:14:46.000Z,0.0
1942644,2.0,0,2017-11-29T06:05:20.000Z,0.5
1975612,2.0,0,2017-12-13T00:31:27.000Z,0.5
1975619,0.0,0,2017-12-08T01:58:38.000Z,0.25
1976348,1.0,0,2017-12-08T05:26:11.000Z,0.25
1976391,1.0,0,2017-12-03T05:33:19.000Z,0.5
1976405,1.0,0,2017-12-11T04:28:37.000Z,0.25
