,Index,Open,High,Low,Close,Volume_(BTC),Volume_(Currency),Weighted_Price
0,2011-12-31T07:52:00Z,4.39,4.39,4.39,4.39,0.45558087,2.0000000193,4.39
1,2011-12-31T07:53:00Z,4.39,4.39,4.39,4.39,0.555046181987448,2.4366527389249,4.39
2,2011-12-31T07:54:00Z,4.39,4.39,4.39,4.39,0.654511493974895,2.87330545854979,4.39
3,2011-12-31T07:55:00Z,4.39,4.39,4.39,4.39,0.753976805962343,3.30995817817469,4.39
4,2011-12-31T07:56:00Z,4.39,4.39,4.39,4.39,0.853442117949791,3.74661089779958,4.39
5,2011-12-31T07:57:00Z,4.39,4.39,4.39,4.39,0.952907429937239,4.18326361742448,4.39
6,2011-12-31T07:58:00Z,4.39,4.39,4.39,4.39,1.05237274192469,4.61991633704937,4.39
7,2011-12-31T07:59:00Z,4.39,4.39,4.39,4.39,1.15183805391213,5.05656905667427,4.39
8,2011-12-31T08:00:00Z,4.39,4.39,4.39,4.39,1.25130336589958,5.49322177629916,4.39
9,2011-12-31T08:01:00Z,4.39,4.39,4.39,4.39,1.35076867788703,5.92987449592406,4.39
10,2011-12-31T08:02:00Z,4.39,4.39,4.39,4.39,1.45023398987448,6.36652721554895,4.39
11,2011-12-31T08:03:00Z,4.39,4.39,4.39,4.39,1.54969930186192,6.80317993517385,4.39
12,2011-12-31T08:04:00Z,4.39,4.39,4.39,4.39,1.64916461384937,7.23983265479875,4.39
13,2011-12-31T08:05:00Z,4.39,4.39,4.39,4.39,1.74862992583682,7.67648537442364,4.39
14,2011-12-31T08:06:00Z,4.39,4.39,4.39,4.39,1.84809523782427,8.11313809404854,4.39
15,2011-12-31T08:07:00Z,4.39,4.39,4.39,4.39,1.94756054981172,8.54979081367343,4.39
16,2011-12-31T08:08:00Z,4.39,4.39,4.39,4.39,2.04702586179916,8.98644353329833,4.39
17,2011-12-31T08:09:00Z,4.39,4.39,4.39,4.39,2.14649117378661,9.42309625292322,4.39
18,2011-12-31T08:10:00Z,4.39,4.39,4.39,4.39,2.24595648577406,9.85974897254812,4.39
19,2011-12-31T08:11:00Z,4.39,4.39,4.39,4.39,2.34542179776151,10.296401692173,4.39
20,2011-12-31T08:12:00Z,4.39,4.39,4.39,4.39,2.44488710974895,10.7330544117979,4.39
21,2011-12-31T08:13:00Z,4.39,4.39,4.39,4.39,2.5443524217364,11.1697071314228,4.39
22,2011-12-31T08:14:00Z,4.39,4.39,4.39,4.39,2.64381773372385,11.6063598510477,4.39
23,2011-12-31T08:15:00Z,4.39,4.39,4.39,4.39,2.7432830457113,12.0430125706726,4.39
24,2011-12-31T08:16:00Z,4.39,4.39,4.39,4.39,2.84274835769874,12.4796652902975,4.39
25,2011-12-31T08:17:00Z,4.39,4.39,4.39,4.39,2.94221366968619,12.9163180099224,4.39
26,2011-12-31T08:18:00Z,4.39,4.39,4.39,4.39,3.04167898167364,13.3529707295473,4.39
27,2011-12-31T08:19:00Z,4.39,4.39,4.39,4.39,3.14114429366109,13.7896234491722,4.39
28,2011-12-31T08:20:00Z,4.39,4.39,4.39,4.39,3.24060960564854,14.2262761687971,4.39
29,2011-12-31T08:21:00Z,4.39,4.39,4.39,4.39,3.34007491763598,14.662928888422,4.39
30,2011-12-31T08:22:00Z,4.39,4.39,4.39,4.39,3.43954022962343,15.0995816080469,4.39
31,2011-12-31T08:23:00Z,4.39,4.39,4.39,4.39,3.53900554161088,15.5362343276718,4.39
32,2011-12-31T08:24:00Z,4.39,4.39,4.39,4.39,3.63847085359833,15.9728870472967,4.39
33,2011-12-31T08:25:00Z,4.39,4.39,4.39,4.39,3.73793616558577,16.4095397669215,4.39
34,2011-12-31T08:26:00Z,4.39,4.39,4.39,4.39,3.83740147757322,16.8461924865464,4.39
35,2011-12-31T08:27:00Z,4.39,4.39,4.39,4.39,3.93686678956067,17.2828452061713,4.39
36,2011-12-31T08:28:00Z,4.39,4.39,4.39,4.39,4.03633210154812,17.7194979257962,4.39
37,2011-12-31T08:29:00Z,4.39,4.39,4.39,4.39,4.13579741353557,18.1561506454211,4.39
38,2011-12-31T08:30:00Z,4.39,4.39,4.39,4.39,4.23526272552301,18.592803365046,4.39
39,2011-12-31T08:31:00Z,4.39,4.39,4.39,4.39,4.33472803751046,19.0294560846709,4.39
40,2011-12-31T08:32:00Z,4.39,4.39,4.39,4.39,4.43419334949791,19.4661088042958,4.39
41,2011-12-31T08:33:00Z,4.39,4.39,4.39,4.39,4.53365866148536,19.9027615239207,4.39
42,2011-12-31T08:34:00Z,4.39,4.39,4.39,4.39,4.6331239734728,20.3394142435456,4.39
43,2011-12-31T08:35:00Z,4.39,4.39,4.39,4.39,4.73258928546025,20.7760669631705,4.39
44,2011-12-31T08:36:00Z,4.39,4.39,4.39,4.39,4.8320545974477,21.2127196827954,4.39
45,2011-12-31T08:37:00Z,4.39,4.39,4.39,4.39,4.93151990943515,21.6493724024203,4.39
46,2011-12-31T08:38:00Z,4.39,4.39,4.39,4.39,5.03098522142259,22.0860251220452,4.39
47,2011-12-31T08:39:00Z,4.39,4.39,4.39,4.39,5.13045053341004,22.5226778416701,4.39
48,2011-12-31T08:40:00Z,4.39,4.39,4.39,4.39,5.22991584539749,22.959330561295,4.39
49,2011-12-31T08:41:00Z,4.39,4.39,4.39,4.39,5.32938115738494,23.3959832809199,4.39
50,2011-12-31T08:42:00Z,4.39,4.39,4.39,4.39,5.42884646937239,23.8326360005448,4.39
51,2011-12-31T08:43:00Z,4.39,4.39,4.39,4.39,5.52831178135983,24.2692887201697,4.39
52,2011-12-31T08:44:00Z,4.39,4.39,4.39,4.39,5.62777709334728,24.7059414397946,4.39
53,2011-12-31T08:45:00Z,4.39,4.39,4.39,4.39,5.72724240533473,25.1425941594195,4.39
54,2011-12-31T08:46:00Z,4.39,4.39,4.39,4.39,5.82670771732218,25.5792468790444,4.39
55,2011-12-31T08:47:00Z,4.39,4.39,4.39,4.39,5.92617302930962,26.0158995986693,4.39
56,2011-12-31T08:48:00Z,4.39,4.39,4.39,4.39,6.02563834129707,26.4525523182941,4.39
57,2011-12-31T08:49:00Z,4.39,4.39,4.39,4.39,6.12510365328452,26.889205037919,4.39
58,2011-12-31T08:50:00Z,4.39,4.39,4.39,4.39,6.22456896527197,27.3258577575439,4.39
59,2011-12-31T08:51:00Z,4.39,4.39,4.39,4.39,6.32403427725942,27.7625104771688,4.39
60,2011-12-31T08:52:00Z,4.39,4.39,4.39,4.39,6.42349958924686,28.1991631967937,4.39
61,2011-12-31T08:53:00Z,4.39,4.39,4.39,4.39,6.52296490123431,28.6358159164186,4.39
62,2011-12-31T08:54:00Z,4.39,4.39,4.39,4.39,6.62243021322176,29.0724686360435,4.39
63,2011-12-31T08:55:00Z,4.39,4.39,4.39,4.39,6.72189552520921,29.5091213556684,4.39
64,2011-12-31T08:56:00Z,4.39,4.39,4.39,4.39,6.82136083719665,29.9457740752933,4.39
65,2011-12-31T08:57:00Z,4.39,4.39,4.39,4.39,6.9208261491841,30.3824267949182,4.39
66,2011-12-31T08:58:00Z,4.39,4.39,4.39,4.39,7.02029146117155,30.8190795145431,4.39
67,2011-12-31T08:59:00Z,4.39,4.39,4.39,4.39,7.119756773159,31.255732234168,4.39
68,2011-12-31T09:00:00Z,4.39,4.39,4.39,4.39,7.21922208514645,31.6923849537929,4.39
69,2011-12-31T09:01:00Z,4.39,4.39,4.39,4.39,7.31868739713389,32.1290376734178,4.39
70,2011-12-31T09:02:00Z,4.39,4.39,4.39,4.39,7.41815270912134,32.5656903930427,4.39
71,2011-12-31T09:03:00Z,4.39,4.39,4.39,4.39,7.51761802110879,33.0023431126676,4.39
72,2011-12-31T09:04:00Z,4.39,4.39,4.39,4.39,7.61708333309624,33.4389958322925,4.39
73,2011-12-31T09:05:00Z,4.39,4.39,4.39,4.39,7.71654864508368,33.8756485519174,4.39
74,2011-12-31T09:06:00Z,4.39,4.39,4.39,4.39,7.81601395707113,34.3123012715423,4.39
75,2011-12-31T09:07:00Z,4.39,4.39,4.39,4.39,7.91547926905858,34.7489539911672,4.39
76,2011-12-31T09:08:00Z,4.39,4.39,4.39,4.39,8.01494458104603,35.1856067107921,4.39
77,2011-12-31T09:09:00Z,4.39,4.39,4.39,4.39,8.11440989303347,35.6222594304169,4.39
78,2011-12-31T09:10:00Z,4.39,4.39,4.39,4.39,8.21387520502092,36.0589121500419,4.39
79,2011-12-31T09:11:00Z,4.39,4.39,4.39,4.39,8.31334051700837,36.4955648696667,4.39
80,2011-12-31T09:12:00Z,4.39,4.39,4.39,4.39,8.41280582899582,36.9322175892916,4.39
81,2011-12-31T09:13:00Z,4.39,4.39,4.39,4.39,8.51227114098326,37.3688703089165,4.39
82,2011-12-31T09:14:00Z,4.39,4.39,4.39,4.39,8.61173645297071,37.8055230285414,4.39
83,2011-12-31T09:15:00Z,4.39,4.39,4.39,4.39,8.71120176495816,38.2421757481663,4.39
84,2011-12-31T09:16:00Z,4.39,4.39,4.39,4.39,8.81066707694561,38.6788284677912,4.39
85,2011-12-31T09:17:00Z,4.39,4.39,4.39,4.39,8.91013238893306,39.1154811874161,4.39
86,2011-12-31T09:18:00Z,4.39,4.39,4.39,4.39,9.0095977009205,39.552133907041,4.39
87,2011-12-31T09:19:00Z,4.39,4.39,4.39,4.39,9.10906301290795,39.9887866266659,4.39
88,2011-12-31T09:20:00Z,4.39,4.39,4.39,4.39,9.2085283248954,40.4254393462908,4.39
89,2011-12-31T09:21:00Z,4.39,4.39,4.39,4.39,9.30799363688284,40.8620920659157,4.39
90,2011-12-31T09:22:00Z,4.39,4.39,4.39,4.39,9.40745894887029,41.2987447855406,4.39
91,2011-12-31T09:23:00Z,4.39,4.39,4.39,4.39,9.50692426085774,41.7353975051655,4.39
92,2011-12-31T09:24:00Z,4.39,4.39,4.39,4.39,9.60638957284519,42.1720502247904,4.39
93,2011-12-31T09:25:00Z,4.39,4.39,4.39,4.39,9.70585488483264,42.6087029444153,4.39
94,2011-12-31T09:26:00Z,4.39,4.39,4.39,4.39,9.80532019682009,43.0453556640402,4.39
95,2011-12-31T09:27:00Z,4.39,4.39,4.39,4.39,9.90478550880753,43.4820083836651,4.39
96,2011-12-31T09:28:00Z,4.39,4.39,4.39,4.39,10.004250820795,43.91866110329,4.39
97,2011-12-31T09:29:00Z,4.39,4.39,4.39,4.39,10.1037161327824,44.3553138229149,4.39
98,2011-12-31T09:30:00Z,4.39,4.39,4.39,4.39,10.2031814447699,44.7919665425398,4.39
99,2011-12-31T09:31:00Z,4.39,4.39,4.39,4.39,10.3026467567573,45.2286192621646,4.39
